{"cameraMode":{"drawMode":0,"name":"Shaded","section":"Shading Mode"},"sceneLighting":true,"audioPlay":false,"sceneViewState":{"m_AlwaysRefresh":false,"showFog":true,"showSkybox":true,"showFlares":true,"showImageEffects":true,"showParticleSystems":true,"showVisualEffectGraphs":true,"m_FxEnabled":true},"in2DMode":false,"pivot":{"x":-0.47500085830688479,"y":1.5399999618530274,"z":-1.0306997299194337},"rotation":{"x":0.5245575308799744,"y":-0.42780759930610659,"z":0.34518909454345705,"w":0.6501509547233582},"size":45.641204833984378,"orthographic":true}